timestamp,role,action,price,signal_strength,commitment_hash,signer_address,signature,tx_hash,block_number,onchain_index
2024-04-13 00:00:00+00:00,ENTRY,BUY,63821.47265625,50,6c87efc43ec1281875205c284b67657bc6db5d81c6e746eb146a7766d1586305,0xBd121B739630F6F23d8F85f8ddf82dC0381b2c9f,78bb0b2394e7e0f1a8b82118169158983c2179ebea7d7a07bf75ac58f5f43dfa3ad38d5055e3640ea3954937607806d8fc0d3cb75e75d9c9f711fb67d08854411c,0x3625d9334ad063a9153dcb7de66f29922262cca819ffea91c63ec01e4f40e7fd,11415728,0
2024-04-17 00:00:00+00:00,EXIT,STOP_LOSS,61276.69140625,50,1a6349276cf8aac89c3171fb043798d1a5616b071ba6b037751bd9b02d18c0df,0xBd121B739630F6F23d8F85f8ddf82dC0381b2c9f,70f3e58eea2a873bf63d2dc239648b5c9ef33ce0da160e901c9b2d897489f3a837252aab6b16c2bf0098958bff8899dec176872088453c0b313d930861411b6b1b,0x501d15b58008760c49340cac07c40e8a52630d53ed5c0b11d5de9fd17b44cb5c,11415729,1
2024-05-25 00:00:00+00:00,ENTRY,BUY,69265.9453125,50,efb3be805782996802825bec524024e2e5212f04faa5f89a2262b698f9d4e2a4,0xBd121B739630F6F23d8F85f8ddf82dC0381b2c9f,87fec71592d038b59e786d28ea3fe55c358db734ff322ab51aa821bc79f743983173319baa8c420d5138394b486086dc2570fe806c9bf515a26722412783f4731b,0xedb1765dfae7283a3e69a11afb2dcc4e10f4680bfab8954d7d0b66cc6272daca,11415730,2
2024-06-13 00:00:00+00:00,EXIT,STOP_LOSS,66756.3984375,0,d4bffa13bfc0dfd878c894669a1f9b247fc88d2d80fb54351e8e901302825fbc,0xBd121B739630F6F23d8F85f8ddf82dC0381b2c9f,ed6e3c78ee04939f2496f985a4a7866a442597050cd8e2b7d498af3d6a789908518a54ecb76c84dcad80a0e8e461c97aa0bcea718751c7fb34c0ba4afe47d2e01c,0xe67696e0a4a04cf1f97e7969178d74d825f4f4ba74f6dfdbe3d024eb493885b9,11415731,3
2024-06-18 00:00:00+00:00,ENTRY,BUY,65140.74609375,50,3885c6544d1c6937d0fba7e8122f245dc42a82b75044f47906a3d01d75aff092,0xBd121B739630F6F23d8F85f8ddf82dC0381b2c9f,2bc45098086706e3f4ca6b4f1502a086c15b4087baacda3ad6c84a53960396c573e8b6a571c4ce217fc60959e9f22ffd1ba4b15b1c82a543dbdf61c6d9a9168a1c,0x8467ec02d8ab13f19b418ca7a67c6c1fadec99ce8f9a5d9d0aa68085201b7ad2,11415732,4
2024-06-23 00:00:00+00:00,EXIT,STOP_LOSS,63180.796875,50,f4c615973a458c90b6bc6e8a524dbe096afe2d048ec7c822db90ede07e54600c,0xBd121B739630F6F23d8F85f8ddf82dC0381b2c9f,413d65b3927d0450c2e902682585e751839715bede336afc46b4efa920b9ca8408dc92d6752058d358287887c1f5d0869a55e27e27f721796aa40c00086ffeec1b,0x8502f8aba07d72a050ceade45b5fb9b0bfd55c66aa29448f5eaea5e9e427680d,11415733,5
2024-06-24 00:00:00+00:00,ENTRY,BUY,60277.4140625,75,887f4c5c30f5c1f6baba3a17df836974e7a375dd316437bb3ed80d792ead6d1f,0xBd121B739630F6F23d8F85f8ddf82dC0381b2c9f,aa99cd86ec717121247e67b55fe5c58f775e4db2e65bf1a935b3e8981dc9615c0a520bec7ccb13a18ff56fc0aee4a58a855a96f909c2950af681e06d6b35c92f1c,0xf713f90901e723fbc9b816ea886d2b49ca1ad9e3ec69be07825a1ef7f8d10f60,11415734,6
2024-06-25 00:00:00+00:00,EXIT,SIGNAL,61804.640625,50,1ffc40cc178d1b6c3b44244911053ad8cb02c9b4716ce67f5834cb11e5760396,0xBd121B739630F6F23d8F85f8ddf82dC0381b2c9f,9b0838d7c5a72228499d2619170e9d5f185ae48ad91785e506adc655665e30a663638a544bd7da6c6436911fd84c8417056a1f4281314443484229312e9e9af61b,0x3e756f39148715b4c49cb6057988cfa37e7c9f234e2f074bc2ab3285c8035283,11415735,7
2024-07-28 00:00:00+00:00,ENTRY,BUY,68255.8671875,50,b2633ccc7c3fec2871b8bd9f2b58504dbd102ad2b8a3544f06b598a78ca3da4f,0xBd121B739630F6F23d8F85f8ddf82dC0381b2c9f,850e6cf96c1c07f497c229ed508b01182afc2d85ebe5468809f8a77359fc88da0fee4216c91e89d9853ddc205c9d8d6e3ddb936a782d115646626c961f0307e91c,0x7e6828f08717390c9d679c567fff1f9e6570e1f20bd0992f8c04b038b20535c5,11415736,8
2024-07-30 00:00:00+00:00,EXIT,STOP_LOSS,66201.015625,50,b3d6c4e7897b49c2993d0b0aa178df72b62dfcccb861b5fca97956f6a44b0762,0xBd121B739630F6F23d8F85f8ddf82dC0381b2c9f,b03084d4dab1b00616cfc2e8cae8919dd351c00238ffd26e72ee306ba17fbc212306e6358956c37ec7c47e02931272aca7059bcb268f597e23d9bbf715ed14db1c,0xc16f8c65c13f91e8892f66377959e731835310796f52417eed6169d7293dfb7c,11415737,9
2024-08-02 00:00:00+00:00,ENTRY,BUY,61415.06640625,50,c008bd3909d99d546aa2bfcdfee3fc56b63738472255d2826d73ea63cf43c5a0,0xBd121B739630F6F23d8F85f8ddf82dC0381b2c9f,3a6f55e62a3b054f1d52bef00c7e97a93f9dcf61dd079691da13070e310961d1462189830a80e4bc068cf29a2e67263517692d00d9d481039ea834cd3092da3f1b,0xabd3300656870f9d8096e54fc2bf2ce77e94f77ca673c55cdc1427e22710aac8,11415738,10
2024-08-04 00:00:00+00:00,EXIT,STOP_LOSS,58116.9765625,75,acae8781bb6692c7169438348a7fff2e7aaa8f032229b0813a084f7ee288b56b,0xBd121B739630F6F23d8F85f8ddf82dC0381b2c9f,d16c3c83cf3b62d5dd0bd7c077b8d439dca4970e0624d56d9aa70205e1c2674170ab7f216cf37a46784072b727880ec6cd791b89c5ddf7b6197e840a69ff00c91b,0x52c1c5958d2257407ab5bdedf6a4fcf50562ffaafbe584bbdd2c6b85069cffe5,11415739,11
2024-08-05 00:00:00+00:00,ENTRY,BUY,53991.45703125,75,c19bc1e58ebda5166ac6edddf6e5c9b84108183974ca09e1a119f3446e6c616e,0xBd121B739630F6F23d8F85f8ddf82dC0381b2c9f,08a3fce2f1b67b9c32ebd3924b8589a70a1904cb8e392eb5909935f445dfed8469e330969c2bf0f2f2e890e936eda9cab00d4cb19dd9970d2d9be405d3b005af1b,0x1ba0c5926c4a5d319bf8e96ed2f045fc9c660a26ef9a51d2bcec5d12150df558,11415740,12
2024-08-14 00:00:00+00:00,EXIT,SIGNAL,58737.26953125,50,820659e029eeac6cae199f942c45957ab3b9e318628161e758df863792070bfa,0xBd121B739630F6F23d8F85f8ddf82dC0381b2c9f,0dd7d6d78fda4fbc7a70784732abbc8ffee59d9efa92c0deb391f055315fd0aa3588279841dc7c7661e93edfd30d3298cab745ce7a49a64a8a02ae951cd308911b,0x8a48e23ebbad52f7c4e0bc8508bfbd323c61094329fd7b6a98879e4d71786795,11415741,13
2024-09-25 00:00:00+00:00,ENTRY,BUY,63143.14453125,50,7d4f7c69c8aa170e2a642dcf5cf9ff72e9780c72b65f5193d27348c7b66a29cb,0xBd121B739630F6F23d8F85f8ddf82dC0381b2c9f,a9544973e609a376d01de5b0ffa9c3f5de8072c52b3f724516b5157f8ddfcda60af08faa4510e40563c984280444d321e73432be6080824c56846808108fa2fd1c,0x842a3a684c6f534e89e41322d3941636d780c5df094cc953f6cf81d89dddf087,11415742,14
2024-10-01 00:00:00+00:00,EXIT,STOP_LOSS,60837.0078125,0,b1ae7a7da8734402f4140a5e7152faec704a744f524b8463f920037fd1f25d6a,0xBd121B739630F6F23d8F85f8ddf82dC0381b2c9f,8b66849b50e7fa329b1b56bb82eea1311fdd90d78d81ed8c53441f42de3fa0627df2e9f1babc3dfbdf4d5f1e024b92e532b4815e210cb7dfefbcfce4a6b142d41c,0xbda15fd60e920132eec50922122544d562aa37d6dad4c25ed98529038da72462,11415743,15
2024-10-10 00:00:00+00:00,ENTRY,BUY,60274.5,50,fc785d474f703f95a8901d4930ee3a5c43799bad49b2437c89a338fa4d0f23b7,0xBd121B739630F6F23d8F85f8ddf82dC0381b2c9f,ec4e0a63b45c18fa1990eaaef9370c276fb766fbfe94110e46d921c1a8cdbbe3235f3a975c9daa3530c8f5ff73643004df21b5e36b2782f3f1a2080daca8372d1b,0x699f5f7b5082c3b5eafd1bb37d851231d6e7a421594a1d722d7b3a2a13126c0b,11415744,16
2024-10-29 00:00:00+00:00,EXIT,TAKE_PROFIT,72720.4921875,50,4ec9e4050a91463710a8d13f45509f5a59e59d104d3bc6a3fd118dce7aa09bc7,0xBd121B739630F6F23d8F85f8ddf82dC0381b2c9f,b2a7058307b4db3060fc023b7b5c7b42123ee3876616a8d7ad167a97ab09f42415e68bf2df0ff255cb6ff5e51655bbd83c108054ea06cce99963c5dab78467e61c,0x87bcd8e2a53be87d14926ec2f4738b8ae1925c0794048774a24da94f7c2f3c41,11415745,17
2024-10-30 00:00:00+00:00,ENTRY,BUY,72339.5390625,50,dfab20076a0a256efca9047cd05c8aa9a3ec6095bdd0922474defc1dfcd7d972,0xBd121B739630F6F23d8F85f8ddf82dC0381b2c9f,3482dd2fbfb2545c9d5167861cca62142a4f64b60951303121f0de2f08be61f62fe4a27e6e8006399684597cc58b05ed4c76963da00e895276f033039ef051f61c,0x19e5d344200d837e59c36dc0a9edfd7551dfec93c4252f6e3bcb424b2ffba19d,11415746,18
2024-11-01 00:00:00+00:00,EXIT,STOP_LOSS,69482.46875,50,020ee5ee089b8c8e8af1cfbd47d19e0b8da6585935fc3f2e67a309d77a00f1b2,0xBd121B739630F6F23d8F85f8ddf82dC0381b2c9f,6ad5d37d0268132ef864dd2433bbe62648bb2f85da642eb9d229aa5df5f2e9946185ff36e99409bf5fff2329ab19d21c7eaafcc24a9f93170db5ce006c37be371c,0xfa449d3ab0f34c5f84e37ce28bb9e4777fa758d920bf946f2b8cd398f79fbc19,11415747,19
2024-11-02 00:00:00+00:00,ENTRY,BUY,69289.2734375,50,56f9bb49b06e7b5e9b543299d404b553c65aad97da3a2a86e1d4db52ae45e4a2,0xBd121B739630F6F23d8F85f8ddf82dC0381b2c9f,6c6096cfdfb956ccd14100adebdcb6ff9f8abe1c7662f4a094ae4432255c234e3fb272c019c72021974b880d612f503872916018e157866e97feb7e771f535c51b,0xd1834601c65dff731a7981716f3d5d73fbf286eaf4f2f38eec1b760f177c877d,11415748,20
2024-11-06 00:00:00+00:00,EXIT,SIGNAL,75639.078125,50,a802362dc86d201b784c073e80658cd78246c3cdd3ea7e1714e06d5357b947c1,0xBd121B739630F6F23d8F85f8ddf82dC0381b2c9f,7bf84fc97defb35c2bc045a8c815205c1e252bd67489aeec199d1c986bad597e544097b9959eda1ff1c95e19fdec13b336a51b2f2dda47134ea5817099ef85011c,0xf9d8b9a61c62e5f98e6b9a1c02abec3dd2b638cd75ab488e796b450d13256b06,11415749,21
2024-11-07 00:00:00+00:00,ENTRY,BUY,75904.859375,50,1c54f0c9f16fb1f6a2d0d155a93a26ee5d121e464d68ce3aa24b1b6f35683de2,0xBd121B739630F6F23d8F85f8ddf82dC0381b2c9f,d5911ece2fef49493db875dc54a51a7cf3f432a76f111b6cf2e923c5d061ad034df14a2f57dd9c21e5c551e40f0202a5ca3423aff4c6dc5ca14b4073b36f81211b,0xf9dc4620891846703beab8b6424fa2be3fdfbaa683b0d244fdd4f73a495de429,11415750,22
2024-11-08 00:00:00+00:00,EXIT,SIGNAL,76545.4765625,50,1ecaf8c2d0e1c4a357b56968232cd0ca7eb7c0d8d0c9de9ad3702c602718638d,0xBd121B739630F6F23d8F85f8ddf82dC0381b2c9f,20ff57a7ea4c88d9d092ce6469569bb9c77a87cad54e5ee114ac72de1662e3b36871bb506120940b988e50bdc5df92c964de3062355b25d943869fdedbcd89821b,0x661cf8b919e9d337d0c8876d552d8fde487cf44fa9bf5f7e6868544cfe45a40e,11415751,23
2024-11-09 00:00:00+00:00,ENTRY,BUY,76778.8671875,50,b69784504cf6a988a195780dce946bbfd2458f717ca119850c1fe9f171b85051,0xBd121B739630F6F23d8F85f8ddf82dC0381b2c9f,ea5117ea1fd7790f1088270a09fd711b18ebfea74e57fb494290382c2083723625067579ff89a0bec807fd96d9d09d8767432c71613913d93a62af317073b32d1b,0xdddb2ba2ef4e389273064fe410ad8c4f162a116208979b1af11688c064286ecb,11415752,24
2024-11-10 00:00:00+00:00,EXIT,SIGNAL,80474.1875,50,e8ae43f3d311b5d81624810f7c9d1594514ca66df94406f6042eae0c94d65e4e,0xBd121B739630F6F23d8F85f8ddf82dC0381b2c9f,68f9a014e8d7e02de0688fb62e11160493a82b1d5cc2b9468d113d259b4711cb2b9db276d9224018b2f4c302d649a060bdc6c4ef9b1e6620261f8ad500ba5fcb1b,0x08ab1afb74e6bf98fa5abb8ee54a5424713f8ab9abebcfed6c66c989c2b19052,11415753,25
2024-11-14 00:00:00+00:00,ENTRY,BUY,87250.4296875,50,d89da9149e15b205e0edc33dcd872e310052f0c3dd1077289d98937b0fff2d70,0xBd121B739630F6F23d8F85f8ddf82dC0381b2c9f,cbe97db75dcd862bf031923e91a9aa0ca535a168a92ee102cf87870fdd5f7f7c0503b1ceac0f9fedce0f81866cff61e31447fb5ab5a5c44eb2e56230fea220aa1c,0xe73b1fc7fd4f68e4435ece10247784db9699f4ec45284299ee9fe9f46fb1bbec,11415754,26
2024-12-15 00:00:00+00:00,EXIT,SIGNAL,104298.6953125,50,0b1e068dbd3e9527577e08d8a27306751bc55a3feffffdd7327e9c6320d8e1d9,0xBd121B739630F6F23d8F85f8ddf82dC0381b2c9f,a5595b50bfc381ede99d6c660301b1fc611336f5341ad72cce7cef59d7b909745932bdbaab245a75b0fd205e895aee4fd54ce212837f10600c387684b00361191b,0x750286a9744f74e704a1f34d8d621fe11976ea77ffcdecf59c143d40591b13d9,11415755,27
2024-12-16 00:00:00+00:00,ENTRY,BUY,106029.71875,50,3c6ea2490a28986f4620dc26efcf1d7e311c10d1a71121215d2b6473e494d41c,0xBd121B739630F6F23d8F85f8ddf82dC0381b2c9f,2e192144c8ad2ca183f6719dbf0ac33c6fd9b3ca5fc98cd371f824b2a71d03c01791d391dad286c410820ead5489ef8593553848ab8151cda2a5f2a72d8e25811b,0x531c8e20c3b8ae86ce5c5c34fbd81328d5a1e22742560a5b5459937f23d0a152,11415756,28
2024-12-18 00:00:00+00:00,EXIT,STOP_LOSS,100041.5390625,0,3b4e63bbbe686812aafe46297d7c5b7630af17229b6fdc9a75cc5ab983742792,0xBd121B739630F6F23d8F85f8ddf82dC0381b2c9f,6ca7c5fd625f733d44272ea2a433895be57042c39004153329bc0c823a249ee4643169f7743008d25b9fb35c5b96862b3087671f898f8087d52bb1603e5d18e31b,0xa5cab664a3c202e213f821096f814700bd79a056c1115fa0c6221af84e334705,11415757,29